{"little_p": 3.6999999999999993, "ring_m": 3.3000000000000003, "thumb_p": 5.415000774615694, "middle_m": 3.3000000000000003, "index_p": 4.600000000000001, "index_m": 2.6999999999999997, "middle_p": 4.950000000000002, "thumb_m": 3.803000544019111, "ring_p": 4.800000000000002, "palm_index": 10.138077973659506, "little_m": 2.149999999999999}
